Shipment_ID,Transport_Mode,Destination_Region,Quantity,Shipping_Cost,Delivery_Time,Status
SHP0001,Road,Central,0.12416481069042316,0.05312456978980527,0.1129032258064516,Delivered
SHP0002,Road,Central,0.12026726057906457,0.04258143836391319,0.1129032258064516,Delivered
SHP0003,Air,North,0.11469933184855233,0.06617092821810856,0.02580645161290323,Delivered
SHP0004,Air,North,0.116369710467706,0.07423809348561242,0.06774193548387097,Delivered
SHP0005,Road,West,0.09688195991091314,0.04784687038695405,0.16451612903225804,Delayed
SHP0006,Air,Central,0.21158129175946547,0.06971074881449404,0.22580645161290322,Delivered
SHP0007,Road,South,0.12694877505567928,0.05423204157823931,0.10322580645161292,Delivered
SHP0008,Air,South,0.12806236080178174,0.06080463107218263,0.17096774193548386,Delayed
SHP0009,Rail,Central,0.1185968819599109,0.08619333663189548,0.27419354838709675,Delayed
SHP0010,Rail,East,0.13307349665924276,0.08477372817939817,0.1935483870967742,Delivered
SHP0011,Rail,Central,0.13307349665924276,0.06051907373104179,0.13870967741935483,Delayed
SHP0012,Sea,South,0.10244988864142539,0.07892764017866757,0.20967741935483872,In Transit
SHP0013,Air,Central,0.18429844097995546,0.11744107909324981,0.2032258064516129,In Transit
SHP0014,Road,North,0.019487750556792874,0.024947079886540373,0.29032258064516125,Delivered
SHP0015,Sea,Central,0.06904231625835189,0.031097807819227892,0.04193548387096774,In Transit
SHP0016,Road,Central,0.0,0.0,0.09032258064516129,In Transit
SHP0017,Road,East,0.13641425389755013,0.05600331491863321,0.06451612903225806,Delayed
SHP0018,Rail,South,0.1358574610244989,0.06383126627983529,0.045161290322580636,In Transit
SHP0019,Road,Central,0.1358574610244989,0.0997147152672994,0.04193548387096774,In Transit
SHP0020,Air,South,0.10690423162583518,0.08214101216787774,0.12580645161290324,Delivered
SHP0021,Road,Central,0.13474387527839643,0.06624453249697065,0.2064516129032258,Delivered
SHP0022,Sea,South,0.17037861915367483,0.09191198018681856,0.17419354838709677,Delayed
SHP0023,Air,West,0.133630289532294,0.08923223921935848,0.022580645161290318,Delayed
SHP0024,Rail,Central,0.09521158129175945,0.025550226060549068,0.13870967741935483,Delivered
SHP0025,Road,East,0.12806236080178174,0.05820258351018806,0.12580645161290324,Delivered
SHP0026,Sea,South,0.09075723830734966,0.06231351878885523,0.11935483870967742,In Transit
SHP0027,Sea,West,0.14253897550111358,0.057240957237277026,0.08387096774193549,In Transit
SHP0028,Road,West,0.14198218262806236,0.1002606136688598,0.1064516129032258,Delayed
SHP0029,Sea,South,0.07795100222717148,0.03411081260486907,0.232258064516129,In Transit
SHP0030,Road,North,0.1536748329621381,0.09781804204439974,0.18709677419354837,Delayed
SHP0031,Rail,South,0.22661469933184855,0.18706254864356858,0.1225806451612903,In Transit
SHP0032,Sea,North,0.09632516703786191,0.041619812091002156,0.12580645161290324,In Transit
SHP0033,Sea,South,0.12249443207126948,0.07030503521419527,0.23548387096774195,Delivered
SHP0034,Air,North,1.0,0.06726749566893342,0.28387096774193554,Delivered
SHP0035,Road,South,0.08017817371937638,0.054878123581584226,0.08387096774193549,Delivered
SHP0036,Rail,Central,0.06904231625835189,0.027694291442957368,0.06774193548387097,Delayed
SHP0037,Air,East,0.1514476614699332,0.10217500644037442,0.12903225806451613,Delivered
SHP0038,Air,West,0.11024498886414254,0.04384770456878116,0.07419354838709677,In Transit
SHP0039,Road,North,0.23719376391982183,0.08313058080591235,0.058064516129032254,Delayed
SHP0040,Air,East,0.1403118040089087,0.12606641014212439,0.17096774193548386,In Transit
SHP0041,Road,Central,0.183184855233853,0.12444847904935986,0.22580645161290322,In Transit
SHP0042,Road,Central,0.15256124721603564,0.10510145804624256,0.10967741935483871,Delivered
SHP0043,Air,Central,0.12138084632516703,0.07474923431104351,0.20967741935483872,In Transit
SHP0044,Air,North,0.13028953229398665,0.05942523236461926,0.2645161290322581,Delivered
SHP0045,Sea,Central,0.11804008908685969,0.08469535325283208,0.15161290322580645,Delayed
SHP0046,Rail,Central,0.12472160356347438,0.06944495558526989,0.12580645161290324,Delivered
SHP0047,Air,East,0.1648106904231626,0.054864493159572716,0.04838709677419355,Delivered
SHP0048,Sea,Central,0.15868596881959912,0.05896111649512781,0.0967741935483871,Delayed
SHP0049,Rail,West,0.1965478841870824,0.16036941169735558,0.24516129032258063,Delivered
SHP0050,Rail,East,0.17984409799554565,0.12059720331001168,0.2548387096774194,Delivered
SHP0051,Rail,South,0.13697104677060135,0.11935887947026731,0.09354838709677418,In Transit
SHP0052,Rail,West,0.12806236080178174,0.05614779739195505,0.2193548387096774,In Transit
SHP0053,Sea,Central,0.12750556792873052,0.08726196171759674,0.14516129032258066,In Transit
SHP0054,Air,North,0.15423162583518932,0.10881097739667119,0.10967741935483871,Delivered
SHP0055,Road,West,0.09298440979955457,0.0713941059329138,0.08709677419354839,Delayed
SHP0056,Rail,East,0.13641425389755013,0.07926363008125095,0.14193548387096774,In Transit
SHP0057,Road,East,0.19821826280623608,0.08842463671517735,0.16451612903225804,Delayed
SHP0058,Rail,South,0.11247216035634743,0.05810512599280587,0.18387096774193548,In Transit
SHP0059,Air,West,0.10634743875278396,0.06665821580501954,0.06774193548387097,Delayed
SHP0060,Air,West,0.15256124721603564,0.08212465566146394,0.07419354838709677,In Transit
SHP0061,Rail,North,0.09855233853006681,0.08011484993586887,0.13870967741935483,In Transit
SHP0062,Rail,East,0.06069042316258351,0.056067377902087226,0.1129032258064516,Delivered
SHP0063,Road,West,0.1408685968819599,0.07626152963321899,0.08709677419354839,In Transit
SHP0064,Sea,South,0.1804008908685969,0.1147756500689018,0.06774193548387097,Delivered
SHP0065,Road,West,0.12806236080178174,0.10346376284156135,0.11612903225806451,Delivered
SHP0066,Rail,North,0.1876391982182628,0.08882741568561704,0.26774193548387093,In Transit
SHP0067,Air,West,0.16870824053452116,0.10175927856902378,0.17741935483870966,Delayed
SHP0068,Sea,South,0.17316258351893096,0.1102462608344817,0.0,Delayed
SHP0069,Air,Central,0.16648106904231627,0.12814232341447523,0.06774193548387097,In Transit
SHP0070,Air,East,0.1030066815144766,0.039102273145478865,0.08709677419354839,In Transit
SHP0071,Rail,South,0.14699331848552338,0.05999839161020265,0.1064516129032258,Delivered
SHP0072,Sea,West,0.09242761692650334,1.0,0.15161290322580645,Delayed
SHP0073,Sea,North,0.1403118040089087,0.11037506832249035,0.11935483870967742,In Transit
SHP0074,Rail,West,0.116369710467706,0.10667304570416807,0.18387096774193548,Delivered
SHP0075,Sea,South,0.1230512249443207,0.07705345715208689,0.19677419354838707,In Transit
SHP0076,Road,North,0.2544543429844098,0.15682004980556202,0.03548387096774194,Delayed
SHP0077,Air,South,0.040645879732739414,0.022635360313390668,0.17741935483870966,In Transit
SHP0078,Air,East,0.09187082405345211,0.06723341961390468,0.2193548387096774,Delivered
SHP0079,Rail,North,0.04899777282850779,0.050771958950621074,0.14193548387096774,Delayed
SHP0080,Rail,South,0.14309576837416482,0.08345157724428307,0.12580645161290324,Delivered
SHP0081,Air,East,0.10690423162583518,0.08820518692079227,0.12903225806451613,Delivered
SHP0082,Rail,East,0.02951002227171492,0.04750542831556609,0.01935483870967742,Delivered
SHP0083,Sea,West,0.02951002227171492,0.05089258818542282,0.05161290322580646,Delayed
SHP0084,Air,Central,0.12806236080178174,0.10106412704643748,0.2032258064516129,Delivered
SHP0085,Air,North,0.14977728285077951,0.05983414502496413,0.04193548387096774,Delayed
SHP0086,Sea,East,0.12639198218262807,0.07284097522943409,0.1129032258064516,Delayed
SHP0087,Air,Central,0.17427616926503342,0.06014355560462509,0.07741935483870967,Delayed
SHP0088,Air,South,0.13975501113585748,0.10737433091665953,0.05161290322580646,Delivered
SHP0089,Sea,East,0.12138084632516703,0.09146626538704265,0.1935483870967742,Delivered
SHP0090,Air,East,0.08685968819599109,0.053089130692575384,0.12580645161290324,In Transit
SHP0091,Rail,North,0.18819599109131405,0.06773229305952543,0.054838709677419356,Delivered
SHP0092,Sea,West,0.12026726057906457,0.09617693923421565,0.04838709677419355,Delivered
SHP0093,Air,West,0.160913140311804,0.0989711757465723,0.14838709677419354,Delayed
SHP0094,Sea,East,0.07962138084632517,0.05788295011401848,0.10967741935483871,In Transit
SHP0095,Rail,South,0.13084632516703787,0.04660854654720965,0.15483870967741933,Delivered
SHP0096,Air,North,0.12806236080178174,0.09405400100592515,1.0,Delivered
SHP0097,Rail,East,0.11748329621380846,0.07192296630695984,0.18064516129032257,Delivered
SHP0098,Sea,North,0.19376391982182628,0.10986460901815982,0.10967741935483871,Delivered
SHP0099,Road,East,0.08073496659242761,0.041666837046941824,0.09032258064516129,In Transit
SHP0100,Road,South,0.1447661469933185,0.08871019405631818,0.13870967741935483,Delivered
SHP0101,Sea,Central,0.17706013363028952,0.05874507430624561,0.0,Delayed
SHP0102,Sea,East,0.12806236080178174,0.08339024034523133,0.07741935483870967,Delayed
SHP0103,Road,South,0.17371937639198218,0.11297507132118319,0.11935483870967742,Delayed
SHP0104,Road,South,0.1492204899777283,0.05253641708000921,0.2161290322580645,Delivered
SHP0105,Air,East,0.06681514476614699,0.030299746610454807,0.17741935483870966,Delayed
SHP0106,Rail,West,0.14309576837416482,0.05908992398313645,0.10322580645161292,Delivered
SHP0107,Road,North,0.06180400890868597,0.07255950701489669,0.0967741935483871,Delivered
SHP0108,Sea,North,0.1492204899777283,0.12638468049609286,0.03870967741935484,In Transit
SHP0109,Sea,West,0.10189309576837416,0.08616607578787247,0.029032258064516127,Delivered
SHP0110,Road,North,0.04510022271714922,0.04932917878070424,0.045161290322580636,Delivered
SHP0111,Air,Central,0.22383073496659242,0.14808703842279664,0.09354838709677418,Delivered
SHP0112,Air,South,0.133630289532294,0.07971002640212745,0.08387096774193549,Delayed
SHP0113,Sea,East,0.04677060133630289,0.049719690371333586,0.16774193548387098,In Transit
SHP0114,Air,West,0.08351893095768373,0.05963514086359628,0.009677419354838714,Delayed
SHP0115,Sea,Central,0.1520044543429844,0.05733705171245808,0.12903225806451613,Delivered
SHP0116,Air,Central,0.09688195991091314,0.047642414056781615,0.054838709677419356,In Transit
SHP0117,Air,West,0.07126948775055679,0.04502400998837326,0.045161290322580636,Delayed
SHP0118,Rail,East,0.11915367483296213,0.09332477342831012,0.1225806451612903,Delayed
SHP0119,Road,West,0.18207126948775057,0.09542794754468395,0.12903225806451613,Delivered
SHP0120,Air,West,0.11358574610244988,0.08472329561795564,0.09354838709677418,In Transit
